{
  "migrations": [
    {
      "cli": "nx",
      "version": "16.8.0-beta.3",
      "description": "Escape $ in env variables",
      "implementation": "./src/migrations/update-16-8-0/escape-dollar-sign-env-variables",
      "package": "nx",
      "name": "16.8.0-escape-dollar-sign-env"
    },
    {
      "cli": "nx",
      "version": "16.7.0-beta.6",
      "requires": {
        "@angular/core": ">=16.2.0"
      },
      "description": "Update the @angular/cli package version to ~16.2.0.",
      "factory": "./src/migrations/update-16-7-0/update-angular-cli",
      "package": "@nx/angular",
      "name": "update-angular-cli-version-16-2-0"
    },
    {
      "cli": "nx",
      "version": "16.8.0-beta.4",
      "description": "Update to Cypress v13. Most noteable change is video recording is off by default. This migration will only update if the workspace is already on Cypress v12. https://docs.cypress.io/guides/references/migration-guide#Migrating-to-Cypress-130",
      "implementation": "./src/migrations/update-16-8-0/cypress-13",
      "package": "@nx/cypress",
      "name": "update-16-8-0-cypress-13"
    },
    {
      "version": "16.8.0",
      "description": "update-16-8-0-add-ignored-files",
      "implementation": "./src/migrations/update-16-8-0-add-ignored-files/update-16-8-0-add-ignored-files",
      "package": "@nx/linter",
      "name": "update-16-8-0-add-ignored-files"
    }
  ]
}
