{
  "kind": "collectionType",
  "collectionName": "categories",
  "info": {
    "name": "Category"
  },
  "options": {
    "increments": true,
    "timestamps": true
  },
  "attributes": {
    "name": {
      "type": "string",
      "required": true,
      "unique": true
    },
    "description": {
      "type": "text",
      "required": true,
      "unique": true
    },
    "filterOptions": {
      "type": "json",
      "required": false
    },
    "products": {
      "via": "category",
      "collection": "product"
    }
  }
}
