<?xml version="1.0" encoding="utf-8"?>
<resources>
  <string name="_validation_notEmpty_1nAY96">"This may not be empty!"</string>
  <string name="_error_login_2ri64q">"Please login!"</string>
  <string name="_error_general_29Dwqq">"An error occured!"</string>
  <string name="_comment_delete_confirm_Z1NRVEk">"Are you sure you want to delete this comment?"</string>
  <string name="_comment_publish_5EfXd">"Publish"</string>
  <string name="_comment_inResponse_Z8mVuK">"In response to"</string>
  <string name="_comment_response_Vrx3w">"Write a response..."</string>
  <string name="_comment_empty_262VIT">"No comments!"</string>
  <string name="_user_feed_favorited_2txVxh">"Favorited Articles"</string>
  <string name="_user_feed_user_15fqdE">"My Articles"</string>
  <string name="_user_unfollow_Z2jCfUV">"Unfollow"</string>
  <string name="_user_follow_Z1fU5gH">"Follow"</string>
  <string name="_user_form_saved_Z2iuyuC">"Profile updated!"</string>
  <string name="_user_form_error_validUsername_2j4WBp">"Please provide a username!"</string>
  <string name="_user_form_error_validEmail_1kuQBh">"Please enter a valid Email!"</string>
  <string name="_user_form_error_passwordMismatch_Z1KPdW9">"Please provide matching passwords!"</string>
  <string name="_user_form_error_missing_Z1xz1qv">"Please provide all requested inputs!"</string>
  <string name="_user_form_needAccount_ZBcBvf">"Don\'t have an account?"</string>
  <string name="_user_form_backToHome_Z11n6D6">"Back to home"</string>
  <string name="_user_form_backToLogin_Z1bhfFn">"Back to login"</string>
  <string name="_user_form_image_Z2j8KJM">"Image"</string>
  <string name="_user_form_bio_Z1iRqqr">"Bio"</string>
  <string name="_user_form_passwordConfirm_Z17xtkM">"Confirm password"</string>
  <string name="_user_form_password_1plOy7">"Password"</string>
  <string name="_user_form_email_Z2jp2up">"Email"</string>
  <string name="_user_form_username_ZkIqne">"Username"</string>
  <string name="_user_register_2ol0nM">"Register"</string>
  <string name="_user_logout_Z13vVPg">"Logout"</string>
  <string name="_user_login_BVAAY">"Login"</string>
  <string name="_article_form_deleted_UwfYY">"Article deleted!"</string>
  <string name="_article_form_saved_ZbwLkB">"Article saved!"</string>
  <string name="_article_form_confirmDelete_25feI5">"Are you sure you want to delete this article?"</string>
  <string name="_article_form_tags_ZunJE7">"Tags"</string>
  <string name="_article_form_body_Zuq3aL">"Body"</string>
  <string name="_article_form_description_Z32jJl">"Description"</string>
  <string name="_article_form_title_ZbrExP">"Title"</string>
  <string name="_article_empty_ZSs3Sg">"No articles found!"</string>
  <string name="_article_delete_Z2hRvR1">"Delete article"</string>
  <string name="_article_edit_ZvLn2r">"Edit article"</string>
  <string name="_article_add_X0N7q">"Add article"</string>
  <string name="_article_loaded_Z20GeRU">"Loaded articles"</string>
  <string name="_article_loading_Z1k4Nqs">"Loading articles..."</string>
  <string name="_article_feed_global_ea326">"Global Feed"</string>
  <string name="_article_feed_user_unCrd">"Your Feed"</string>
  <string name="_drawer_feedback_loggedOut_1JaKRB">"You have been logged out successfully!"</string>
  <string name="_drawer_createdBy_Ze1Mjk">"Created by https://github.com/nea/"</string>
  <string name="_drawer_about_Z1I6Qod">"About"</string>
  <string name="_drawer_settings_FIu8R">"Settings"</string>
  <string name="_drawer_home_gCUhF">"Home"</string>
  <string name="_drawer_logout_Z2aSUPE">"Logout"</string>
  <string name="_drawer_login_Z1HlqmX">"Login/Register"</string>
  <string name="_settings_reset_1zRWpY">"Reset"</string>
  <string name="_settings_urlWarning_ZlnNDI">"Please enter a valid URL"</string>
  <string name="_settings_urlHint_ZJdzNL">"URL implementing the Conduit backend spec"</string>
  <string name="_settings_url_Cvh8y">"Backend URL"</string>
  <string name="_settings_title_1A1C8V">"Settings"</string>
  <string name="_about_insanitydesign_2vmxt9">"This example stack has been created by INsanityDesign.com for RealWorld.io and is licensed under MIT. You can checkout the full source at GitHub.com."</string>
  <string name="_about_thinkster_Z1Mxmg9">"RealWorld example projects have been initiated by Thinkster.io to provide a real-world scenario as tutorial to see how any different backend/frontend programming language and/or framework could work out in your project."</string>
  <string name="_about_realworld_Z1YNVKo">"This app is an exemplary project to show how a Medium.com clone (called Conduit) is built using NativeScript to connect to any other backend from "</string>
  <string name="_general_close_1X64mW">"Close"</string>
  <string name="_general_save_1GXi6l">"Save"</string>
  <string name="_description_Z22xK3K">"A NativeScript RealWorld Example App"</string>
  <string name="_title_7XfKt">"Conduit"</string>
  <string name="_app_name_1k3Sbz">"Conduit"</string>
  <string name="app_name">"Conduit"</string>
  <string name="title_activity_kimera">"Conduit"</string>
</resources>
