{
  "kind": "collectionType",
  "collectionName": "variants",
  "info": {
    "name": "Variant"
  },
  "options": {
    "increments": true,
    "timestamps": true
  },
  "attributes": {
    "size": {
      "type": "string",
      "required": false
    },
    "color": {
      "type": "string",
      "required": true
    },
    "qty": {
      "type": "integer",
      "required": true
    },
    "price": {
      "type": "decimal",
      "required": true
    },
    "style": {
      "type": "string",
      "required": false
    },
    "images": {
      "collection": "file",
      "via": "related",
      "allowedTypes": [
        "images"
      ],
      "plugin": "upload",
      "required": true
    },
    "product": {
      "via": "variants",
      "model": "product"
    },
    "colorLabel": {
      "type": "enumeration",
      "enum": [
        "black",
        "white",
        "green",
        "red",
        "tan"
      ]
    }
  }
}
