{
  "kind": "collectionType",
  "collectionName": "products",
  "info": {
    "name": "Product"
  },
  "options": {
    "increments": true,
    "timestamps": true
  },
  "attributes": {
    "name": {
      "type": "string",
      "required": true,
      "unique": false
    },
    "description": {
      "type": "text",
      "required": true,
      "unique": true
    },
    "featured": {
      "type": "boolean"
    },
    "category": {
      "model": "category",
      "via": "products"
    },
    "variants": {
      "collection": "variant",
      "via": "product"
    },
    "promo": {
      "type": "boolean"
    },
    "reviews": {
      "collection": "review",
      "via": "product"
    },
    "rating": {
      "type": "decimal"
    }
  }
}
