{
  "routes": [
    {
      "method": "GET",
      "path": "/variants",
      "handler": "variant.find",
      "config": {
        "policies": []
      }
    },
    {
      "method": "GET",
      "path": "/variants/count",
      "handler": "variant.count",
      "config": {
        "policies": []
      }
    },
    {
      "method": "GET",
      "path": "/variants/:id",
      "handler": "variant.findOne",
      "config": {
        "policies": []
      }
    },
    {
      "method": "POST",
      "path": "/variants",
      "handler": "variant.create",
      "config": {
        "policies": []
      }
    },
    {
      "method": "PUT",
      "path": "/variants/:id",
      "handler": "variant.update",
      "config": {
        "policies": []
      }
    },
    {
      "method": "DELETE",
      "path": "/variants/:id",
      "handler": "variant.delete",
      "config": {
        "policies": []
      }
    }
  ]
}
