{
    "categories": {
        "Business": true,
        "Design": true,
        "Development": true,
        "Finance & Accounting": true,
        "Health & Fitness": true,
        "IT & Software": true,
        "Lifestyle": true,
        "Marketing": true,
        "Music": true,
        "Office Productivity": true,
        "Personal Development": true,
        "Photography & Video": true,
        "Teaching & Academics": true
    },
    "languages": {
        "Arabic": true,
        "Chinese": true,
        "Dutch": true,
        "English": true,
        "French": true,
        "German": true,
        "Hindi": true,
        "Indonesian": true,
        "Italian": true,
        "Japanese": true,
        "Korean": true,
        "Nepali": true,
        "Polish": true,
        "Portuguese": true,
        "Romanian": true,
        "Russian": true,
        "Spanish": true,
        "Thai": true,
        "Turkish": true,
        "Urdu": true
    },
    "sites": {
        "Discudemy": true,
        "Udemy Freebies": true,
        "Tutorial Bar": true,
        "Real Discount": true,
        "Course Vania": false,
        "IDownloadCoupons": true,
        "E-next": true
    },
    "min_rating": 0.0,
    "instructor_exclude": [
        "instructor-1",
        "instructor-2",
        "more"
    ],
    "title_exclude": [
        "keyword1",
        "noT_case_SensitiVe"
    ],
    "save_txt": true,
    "discounted_only": false
}