{
  "fileServerFolder": ".",
  "fixturesFolder": "./src/fixtures",
  "integrationFolder": "./src/integration",
  "modifyObstructiveCode": false,
  "pluginsFile": "./src/plugins/index",
  "supportFile": "./src/support/index.ts",
  "video": true,
  "videosFolder": "../../dist/cypress/apps/conduit-e2e/videos",
  "screenshotsFolder": "../../dist/cypress/apps/conduit-e2e/screenshots",
  "chromeWebSecurity": false,
  "testFiles": "**/*.feature",
  "ignoreTestFiles": "**/*.ts",
  "defaultCommandTimeout": 10000,
  "pageLoadTimeout": 20000,
  "waitForAnimations": true,
  "viewPortWidth": 1200,
  "viewPortHeight": 720,
  "animationDistanceTreshold": 20,
  "execTimeout": 60000,
  "requestTimeout": 60000,
  "responseTimeout": 60000
}
