{
  "rules": {
    "class-name": true,
    "comment-format": [
      true,
      "check-space"
    ],
    "indent": [
      true,
      "tabs"
    ],
    "no-duplicate-variable": true,
    "no-eval": true,
    "no-internal-module": true,
    "no-trailing-whitespace": true,
    "no-var-keyword": true,
    "one-line": [
      true,
      "check-catch",
      "check-finally",
      "check-else",
      "check-open-brace",
      "check-whitespace"
    ],
    "quotemark": [
      true,
      "single"
    ],
    "semicolon": [
      true,
      "always"
    ],
    "triple-equals": [
      true,
      "allow-null-check"
    ],
    "typedef-whitespace": [
      true,
      {
        "call-signature": "nospace",
        "index-signature": "nospace",
        "parameter": "nospace",
        "property-declaration": "nospace",
        "variable-declaration": "nospace"
      },
      {
        "call-signature": "onespace",
        "index-signature": "onespace",
        "parameter": "onespace",
        "property-declaration": "onespace",
        "variable-declaration": "onespace"
      }
    ],
    "variable-name": [
      true,
      "ban-keywords"
    ],
    "whitespace": [
      true,
      "check-branch",
      "check-decl",
      "check-operator",
      "check-separator",
      "check-type"
    ],
    "jsdoc-format": true,
    "no-consecutive-blank-lines": true,
    "one-variable-per-declaration": [
      true,
      "ignore-for-loop"
    ],
    "curly": true,
    "no-empty": true,
    "no-unused-expression": true,
    "eofline": true,
    "trailing-comma": [
      true,
      {
        "singleline": "never",
        "multiline": "never"
      }
    ],
    "align": [
      true,
      "parameters",
      "statements"
    ]
  }
}